{
  "integrations": [
    {
      "id": "68d689b9-bc50-43ee-bb86-7c2847558357",
      "name": "Inject Global Event and Translate",
      "action": "CREATE_EVENT",
      "type": "INBOUND_WEBHOOK",
      "deployed": true,
      "form": "2ea47b6f-af31-498e-9cca-f48e67823968",
      "script": "var translate = require('translate');\n\nvar payload = JSON.parse(request.body);  //Use this if the payload is a JSON object in the request body\nvar languages = [\"en\", \"fr\", \"zh-cn\", \"is\", \"es\"];\n\npayload = translate.google(payload, languages);\n//payload = translate.pirate(payload);\n\nform.post(payload);\n",
      "environment": "HOSTED",
      "authType": "URL"
    }
  ],
  "endpoints": [
    {
      "name": "Google Translation",
      "baseUrl": "https://translation.googleapis.com/language/translate/v2?key=YOUR_KEY_HERE",
      "type": "EXTERNAL",
      "authentication": "NO_AUTH"
    }
  ],
  "constants": []
}