{
  "integrations": [
    {
      "id": "8ac07946-cbb8-4d7a-9786-2cf4f1d8ea7f",
      "name": "Inject Global Event and Translate",
      "action": "CREATE_EVENT",
      "type": "INBOUND_WEBHOOK",
      "deployed": true,
      "form": "048142c0-a4c5-49aa-a4f9-a20d797ccb83",
      "script": "var translate = require('translate');\n\nvar payload = JSON.parse(request.body);  //Use this if the payload is a JSON object in the request body\nvar languages = [\"en\", \"fr\", \"zh-cn\", \"is\", \"es\"];\n\npayload = translate.google(payload, languages);\n//payload = translate.pirate(payload);\n\nform.post(payload);\n",
      "environment": "HOSTED",
      "authType": "URL"
    }
  ],
  "endpoints": [
    {
      "name": "Google Translation",
      "baseUrl": "https://translation.googleapis.com/language/translate/v2?key=YOUR_KEY_HERE",
      "type": "EXTERNAL",
      "authentication": "NO_AUTH"
    }
  ],
  "constants": []
}