[
  {
    "name": "translate",
    "script": "\n/*\n * This function will take a normal xMatters event payload and converts it to multiple languages.\n * Languages supported: https://cloud.google.com/translate/docs/languages \n * languages should be an array of google language codes: [\"en\", \"es\", \"is\"]\n * \n * Requires \"Google Translation\" endpoint as defined here https://cloud.google.com/translate/docs/translating-text#translate_translate_text-protocol \n*/\nexports.google = function (payload, languages) {\n    if (languages === undefined || languages.length === 0) {\n        // languages not set, returning receieved payload.\n        return payload;\n    }\n\n    //extract properties from payload in source language\n    var properties = payload.properties;\n\n    //for each language\n    for (i = 0; i < languages.length; i++) {\n\n        var language = languages[i];\n\n        //Build language translation request body \n        var requestPayload = {\n            'target': language,\n            'q': []\n        };\n\n        //add properties to translate\n        for (var property in properties) {\n            if (properties.hasOwnProperty(property)) {\n                var element = properties[property];\n                requestPayload.q.push(element);\n            }\n        }\n\n        //build and make translation request to google\n        var getGoogleTranslationRequest = http.request({\n            'endpoint': 'Google Translation',\n            'method': 'POST'\n        });\n        var googleResponse = getGoogleTranslationRequest.write(requestPayload);\n\n        //write translated properties back to payload.properties, use order to identify property\n        var translations = JSON.parse(googleResponse.body).data.translations;\n        var translationCounter = 0;\n        for (var _property in properties) {\n            if (properties.hasOwnProperty(_property)) {\n                if (googleResponse.statusCode != 200){\n                    payload.properties[_property + \"-\" + language] = properties[_property];\n                }else{\n                    payload.properties[_property + \"-\" + language] = translations[translationCounter].translatedText;\n                }\n             translationCounter += 1;\n            }\n        }\n    }\n\n    return payload;\n\n};\n\n\n/*\n * returns event payload with new properties translated to pirate. \n * new properties are name the same as name amended with -pr\n * \n*/\nexports.pirate = function (payload) {\n\n    //extract properties from payload\n    var properties = payload.properties;\n\n    //translate properties\n    for (var property in properties) {\n        if (properties.hasOwnProperty(property)) {\n            var element = properties[property];\n            payload.properties[property + \"-pr\"] = translate(element);\n        }\n    }\n\n    return payload;\n\n//pirate translation code sourced from: https://github.com/mikewesthad/pirate-speak/blob/master/lib/pirate-speak.js\n//modified by xMatters 2018-Oct-23\n//license: MIT\n    \n    function translateWord(word) {\n        var dictionary = {\n            \"address\": \"port o' call\",\n            \"admin\": \"helm\",\n            \"am\": \"be\",\n            \"an\": \"a\",\n            \"and\": \"n'\",\n            \"are\": \"be\",\n            \"award\": \"prize\",\n            \"bathroom\": \"head\",\n            \"beer\": \"grog\",\n            \"before\": \"afore\",\n            \"belief\": \"creed\",\n            \"between\": \"betwixt\",\n            \"big\": \"vast\",\n            \"bill\": \"coin\",\n            \"bills\": \"coins\",\n            \"boss\": \"admiral\",\n            \"bourbon\": \"rum\",\n            \"box\": \"barrel\",\n            \"boy\": \"lad\",\n            \"buddy\": \"mate\",\n            \"business\": \"company\",\n            \"businesses\": \"companies\",\n            \"calling\": \"callin'\",\n            \"canada\": \"Great North\",\n            \"cash\": \"coin\",\n            \"cat\": \"parrot\",\n            \"cheat\": \"hornswaggle\",\n            \"comes\": \"hails\",\n            \"comments\": \"yer words\",\n            \"cool\": \"shipshape\",\n            \"country\": \"land\",\n            \"dashboard\": \"shanty\",\n            \"dead\": \"in Davy Jones's Locker\",\n            \"disconnect\": \"keelhaul\",\n            \"do\": \"d'\",\n            \"dog\": \"parrot\",\n            \"dollar\": \"doubloon\",\n            \"dollars\": \"doubloons\",\n            \"dude\": \"pirate\",\n            \"employee\": \"crew\",\n            \"everyone\": \"all hands\",\n            \"eye\": \"eye-patch\",\n            \"family\": \"kin\",\n            \"fee\": \"debt\",\n            \"female\": \"wench\",\n            \"females\": \"wenches\",\n            \"food\": \"grub\",\n            \"for\": \"fer\",\n            \"friend\": \"shipmate\",\n            \"friends\": \"crew\",\n            \"gin\": \"rum\",\n            \"girl\": \"lass\",\n            \"girls\": \"lassies\",\n            \"go\": \"sail\",\n            \"good\": \"jolly good\",\n            \"grave\": \"Davy Jones's Locker\",\n            \"group\": \"maties\",\n            \"gun\": \"bluderbuss\",\n            \"haha\": \"yo ho\",\n            \"hahaha\": \"yo ho ho\",\n            \"hahahaha\": \"yo ho ho ho\",\n            \"hand\": \"hook\",\n            \"happy\": \"grog-filled\",\n            \"hello\": \"ahoy\",\n            \"hey\": \"ahoy\",\n            \"hi\": \"ahoy\",\n            \"hotel\": \"fleebag inn\",\n            \"i\": \"me\",\n            \"i'm\": \"i be\",\n            \"internet\": \"series o' tubes\",\n            \"invalid\": \"sunk\",\n            \"is\": \"be\",\n            \"island\": \"isle\",\n            \"isn't\": \"be not\",\n            \"it's\": \"'tis\",\n            \"jail\": \"brig\",\n            \"kill\": \"keelhaul\",\n            \"king\": \"king\",\n            \"ladies\": \"lasses\",\n            \"lady\": \"lass\",\n            \"lawyer\": \"scurvy land lubber\",\n            \"left\": \"port\",\n            \"leg\": \"peg\",\n            \"logout\": \"walk the plank\",\n            \"lol\": \"blimey\",\n            \"male\": \"pirate\",\n            \"man\": \"pirate\",\n            \"manager\": \"admiral\",\n            \"money\": \"doubloons\",\n            \"month\": \"moon\",\n            \"my\": \"me\",\n            \"never\": \"nary\",\n            \"no\": \"nay\",\n            \"not\": \"nay\",\n            \"of\": \"o'\",\n            \"old\": \"barnacle-covered\",\n            \"omg\": \"shiver me timbers\",\n            \"over\": \"o'er\",\n            \"page\": \"parchment\",\n            \"people\": \"scallywags\",\n            \"person\": \"scurvy dog\",\n            \"posted\": \"tacked to the yardarm\",\n            \"president\": \"king\",\n            \"prison\": \"brig\",\n            \"quickly\": \"smartly\",\n            \"really\": \"verily\",\n            \"relative\": \"kin\",\n            \"relatives\": \"kin\",\n            \"religion\": \"creed\",\n            \"restaurant\": \"galley\",\n            \"right\": \"starboard\",\n            \"rotf\": \"rollin' on the decks\",\n            \"say\": \"cry\",\n            \"seconds\": \"ticks o' tha clock\",\n            \"shipping\": \"cargo\",\n            \"small\": \"puny\",\n            \"snack\": \"grub\",\n            \"soldier\": \"sailor\",\n            \"sorry\": \"yarr\",\n            \"spouse\": \"ball 'n' chain\",\n            \"state\": \"land\",\n            \"supervisor\": \"Cap'n\",\n            \"that's\": \"that be\",\n            \"the\": \"thar\",\n            \"theif\": \"swoggler\",\n            \"them\": \"'em\",\n            \"this\": \"dis\",\n            \"to\": \"t'\",\n            \"together\": \"t'gether\",\n            \"treasure\": \"booty\",\n            \"vodka\": \"rum\",\n            \"was\": \"be\",\n            \"water\": \"grog\",\n            \"we\": \"our jolly crew\",\n            \"we're\": \"we's\",\n            \"whiskey\": \"rum\",\n            \"whisky\": \"rum\",\n            \"wine\": \"grog\",\n            \"with\": \"wit'\",\n            \"woman\": \"comely wench\",\n            \"women\": \"beauties\",\n            \"work\": \"duty\",\n            \"yah\": \"aye\",\n            \"yeah\": \"aye\",\n            \"yes\": \"aye\",\n            \"you\": \"ye\",\n            \"you're\": \"you be\",\n            \"you've\": \"ye\",\n            \"your\": \"yer\",\n            \"yup\": \"aye\"\n        };\n\n        var pirateWord = dictionary[word.toLowerCase()];\n        if (pirateWord === undefined) return word;\n        else return applyCase(word, pirateWord);\n    }\n\n    // Take the case from wordA and apply it to wordB\n    function applyCase(wordA, wordB) {\n        // Exception to avoid words like \"I\" being converted to \"ME\"\n        if (wordA.length === 1 && wordB.length !== 1) return wordB;\n        // Uppercase\n        if (wordA === wordA.toUpperCase()) return wordB.toUpperCase();\n        // Lowercase\n        if (wordA === wordA.toLowerCase()) return wordB.toLowerCase();\n        // Capitialized\n        var firstChar = wordA.slice(0, 1);\n        var otherChars = wordA.slice(1);\n        if (firstChar === firstChar.toUpperCase() && otherChars === otherChars.toLowerCase()) {\n            return wordB.slice(0, 1).toUpperCase() + wordB.slice(1).toLowerCase();\n        }\n        // Other cases\n        return wordB;\n    }\n\n    function isLetter(character) {\n        if (character.search(/[a-zA-Z'-]/) === -1) return false;\n        return true;\n    }\n\n    function translate(text) {\n        var translatedText = \"\";\n\n        // Loop through the text, one character at a time.\n        var word = \"\";\n        for (var i = 0; i < text.length; i += 1) {\n            var character = text[i];\n            // If the char is a letter, then we are in the middle of a word, so we\n            // should accumulate the letter into the word variable\n            if (isLetter(character)) {\n                word += character;\n            }\n            // If the char is not a letter, then we hit the end of a word, so we\n            // should translate the current word and add it to the translation\n            else {\n                if (word !== \"\") {\n                    // If we've just finished a word, translate it\n                    var pirateWord = translateWord(word);\n                    translatedText += pirateWord;\n                    word = \"\";\n                }\n                translatedText += character; // Add the non-letter character\n            }\n        }\n\n        // If we ended the loop before translating a word, then translate the final\n        // word and add it to the translation.\n        if (word !== \"\") translatedText += translateWord(word);\n\n        return translatedText;\n    }\n};\n"
  }
]